,timestamp,open,high,low,close,vwap,volume,count
0,1618172100,1799.37,1804.21,1799.36,1804.21,1800.85,34.0463137,41.0
1,1618172400,1803.95,1804.36,1802.25,1803.85,1803.2,78.24411342,86.0
2,1618172700,1803.84,1803.98,1802.09,1803.42,1803.29,41.73402694,34.0
3,1618173000,1802.37,1803.17,1800.55,1803.01,1802.47,52.72862467,66.0
4,1618173300,1803.01,1803.01,1801.7,1801.7,1802.24,35.21167702,59.0
5,1618173600,1801.7,1801.71,1799.54,1801.32,1800.67,57.36667315,56.0
6,1618173900,1799.46,1800.74,1798.52,1800.05,1800.07,81.64392169,55.0
7,1618174200,1799.82,1799.83,1798.5,1799.59,1799.1,6.14966025,22.0
8,1618174500,1799.59,1802.31,1799.58,1802.3,1801.01,67.47974715,95.0
9,1618174800,1802.4,1802.4,1800.0,1801.86,1801.23,48.84972103,48.0
10,1618175100,1801.74,1801.74,1793.0,1793.95,1796.74,227.93677749,158.0
11,1618175400,1793.95,1799.64,1793.94,1797.97,1797.52,48.60996239,39.0
12,1618175700,1798.01,1798.98,1796.46,1798.12,1798.21,125.64678651,33.0
13,1618176000,1798.57,1799.58,1797.17,1797.28,1797.9,38.03633955,51.0
14,1618176300,1796.35,1796.35,1792.85,1792.85,1793.37,56.45299033,60.0
15,1618176600,1793.07,1795.01,1788.21,1795.01,1791.06,192.7094628,134.0
16,1618176900,1793.86,1794.17,1793.0,1794.02,1793.5,37.57276171,36.0
17,1618177200,1793.85,1793.87,1793.47,1793.84,1793.78,62.50397365,36.0
18,1618177500,1793.84,1795.7,1793.84,1795.7,1794.98,161.27244292,95.0
19,1618177800,1796.0,1796.0,1793.03,1794.32,1793.56,24.22693455,28.0
20,1618178100,1793.6,1793.66,1793.08,1793.56,1793.26,82.48909841,48.0
21,1618178400,1793.56,1793.57,1787.87,1787.88,1791.12,105.9757732,65.0
22,1618178700,1787.87,1789.92,1787.8,1789.91,1787.8,572.1012687,86.0
23,1618179000,1790.2,1794.09,1788.58,1794.09,1790.83,48.8690544,59.0
24,1618179300,1792.94,1795.43,1792.93,1795.43,1794.85,29.19630228,72.0
25,1618179600,1795.43,1798.59,1795.43,1798.48,1797.27,50.10490269,48.0
26,1618179900,1798.19,1800.0,1798.19,1798.91,1799.84,151.17991687,36.0
27,1618180200,1798.29,1799.1,1796.39,1796.44,1798.05,31.71432533,27.0
28,1618180500,1796.33,1796.33,1793.03,1793.03,1794.01,4.30521457,18.0
29,1618180800,1793.04,1796.31,1793.04,1794.99,1795.12,6.40680338,20.0
30,1618181100,1796.15,1798.1,1795.28,1797.53,1796.71,13.32474146,19.0
31,1618181400,1797.36,1798.55,1797.36,1798.09,1798.15,13.7606723,27.0
32,1618181700,1798.09,1798.72,1796.22,1798.72,1796.95,30.4906401,26.0
33,1618182000,1800.0,1800.18,1799.95,1800.18,1800.01,126.60055045,29.0
34,1618182300,1800.22,1800.86,1799.99,1800.0,1800.36,3.77570023,17.0
35,1618182600,1800.99,1801.0,1798.22,1798.26,1799.27,8.73279434,23.0
36,1618182900,1798.57,1800.01,1798.02,1799.09,1799.12,3.5670903,22.0
37,1618183200,1798.97,1798.99,1798.22,1798.46,1798.8,5.61543705,13.0
38,1618183500,1798.59,1798.59,1796.85,1796.85,1796.86,41.6378356,27.0
39,1618183800,1796.86,1797.3,1796.22,1796.23,1796.88,2.66056422,17.0
40,1618184100,1797.15,1797.77,1796.11,1797.77,1796.52,93.33545681,41.0
41,1618184400,1798.0,1799.8,1797.43,1798.68,1798.28,13.87252355,19.0
42,1618184700,1799.71,1801.0,1799.71,1801.0,1800.2,4.70913353,19.0
43,1618185000,1801.0,1803.0,1800.99,1803.0,1801.89,108.84747236,27.0
44,1618185300,1803.0,1804.95,1803.0,1804.95,1804.46,40.81075601,27.0
45,1618185600,1805.99,1812.72,1805.99,1812.72,1809.44,329.59253911,174.0
46,1618185900,1812.73,1814.0,1805.2,1805.2,1810.71,22.75586734,37.0
47,1618186200,1804.74,1804.74,1800.02,1802.12,1801.48,22.92088115,34.0
48,1618186500,1802.29,1803.23,1800.27,1800.27,1802.35,27.58876013,23.0
49,1618186800,1800.63,1800.63,1796.2,1796.2,1797.57,13.48116194,21.0
50,1618187100,1796.08,1796.08,1792.93,1793.94,1794.82,73.84594216,45.0
51,1618187400,1793.95,1794.95,1793.73,1794.95,1794.44,14.44714224,25.0
52,1618187700,1794.94,1795.83,1794.18,1795.83,1794.77,19.57307148,21.0
53,1618188000,1795.62,1796.87,1795.0,1795.0,1795.73,19.6434809,19.0
54,1618188300,1794.46,1794.46,1792.6,1792.6,1793.0,22.09761502,23.0
55,1618188600,1792.61,1793.87,1791.89,1793.53,1793.1,119.51470531,27.0
56,1618188900,1793.42,1793.42,1790.66,1792.2,1791.37,57.37405647,37.0
57,1618189200,1794.21,1795.41,1794.21,1795.27,1794.63,29.4033393,22.0
58,1618189500,1794.96,1797.08,1794.95,1797.08,1795.36,26.7266568,28.0
59,1618189800,1797.08,1797.08,1796.66,1797.02,1796.92,61.68210859,67.0
60,1618190100,1797.02,1804.95,1797.02,1803.38,1801.07,96.25234593,56.0
61,1618190400,1803.9,1806.48,1803.6,1803.6,1804.6,42.43236141,23.0
62,1618190700,1803.07,1803.07,1801.48,1801.48,1801.62,4.44232009,8.0
63,1618191000,1801.47,1804.94,1801.47,1804.94,1803.64,3.18104877,10.0
64,1618191300,1804.94,1806.46,1804.57,1805.23,1805.66,5.62940539,16.0
65,1618191600,1805.36,1805.55,1803.93,1803.94,1804.38,7.22084933,11.0
66,1618191900,1804.47,1805.55,1804.36,1805.55,1804.91,3.59420661,9.0
67,1618192200,1805.55,1806.47,1805.55,1805.96,1806.32,2.76654337,9.0
68,1618192500,1805.96,1805.96,1802.22,1802.53,1804.26,5.50983344,16.0
69,1618192800,1802.52,1802.52,1800.72,1800.83,1800.82,26.17921144,19.0
70,1618193100,1800.79,1800.79,1798.6,1799.5,1799.2,10.1916985,13.0
71,1618193400,1798.63,1799.6,1797.63,1799.6,1798.63,12.42551922,13.0
72,1618193700,1799.95,1800.57,1798.27,1798.9,1799.45,30.26642386,23.0
73,1618194000,1798.8,1798.8,1796.34,1796.47,1797.53,34.81598137,20.0
74,1618194300,1796.27,1796.94,1795.78,1795.87,1796.28,13.54391228,17.0
75,1618194600,1795.87,1796.86,1795.77,1795.83,1795.93,4.13782414,16.0
76,1618194900,1796.28,1796.28,1794.19,1794.33,1795.0,25.36573241,16.0
77,1618195200,1794.31,1794.89,1794.19,1794.66,1794.42,95.3410924,24.0
78,1618195500,1794.66,1794.74,1792.6,1792.6,1792.77,11.70069771,15.0
79,1618195800,1791.82,1794.03,1791.23,1794.03,1792.75,2.01532411,9.0
80,1618196100,1794.04,1794.52,1793.01,1793.24,1794.05,4.81647342,13.0
81,1618196400,1793.0,1794.64,1793.0,1794.15,1794.28,4.27443962,9.0
82,1618196700,1794.19,1795.17,1794.19,1795.17,1794.9,0.06084073,2.0
83,1618197000,1795.79,1796.47,1795.72,1796.45,1795.77,15.26166867,15.0
84,1618197300,1796.52,1797.15,1796.47,1796.83,1796.87,12.98764585,7.0
85,1618197600,1797.03,1799.84,1796.66,1799.74,1797.3,2.68991613,22.0
86,1618197900,1799.98,1800.04,1796.94,1800.04,1799.5,1.69130392,12.0
87,1618198200,1800.18,1801.48,1800.18,1801.32,1800.61,17.00818817,14.0
88,1618198500,1800.33,1800.33,1797.97,1797.97,1799.98,1.94328446,5.0
89,1618198800,1798.11,1804.0,1798.04,1804.0,1802.27,22.84112145,14.0
90,1618199100,1804.0,1804.0,1800.94,1800.94,1803.6,4.03408456,12.0
91,1618199400,1801.94,1804.94,1801.65,1804.94,1803.85,110.68374899,37.0
92,1618199700,1803.38,1803.38,1801.69,1801.8,1802.25,3.51583635,10.0
93,1618200000,1802.9,1804.87,1802.9,1803.31,1803.6,2.71631177,13.0
94,1618200300,1803.3,1805.67,1802.15,1805.67,1803.28,51.22174366,32.0
95,1618200600,1806.48,1811.74,1806.48,1811.72,1808.23,116.05760833,44.0
96,1618200900,1811.98,1812.0,1807.77,1807.77,1809.17,6.58658057,21.0
97,1618201200,1808.8,1809.4,1807.59,1807.6,1809.02,4.48484056,17.0
98,1618201500,1807.59,1808.42,1806.51,1808.42,1806.8,62.16065031,33.0
99,1618201800,1808.01,1809.57,1805.13,1805.94,1807.12,22.1010977,22.0
100,1618202100,1806.01,1806.01,1804.0,1805.95,1805.26,3.6514279,9.0
101,1618202400,1806.0,1809.22,1806.0,1809.22,1806.48,121.58780141,16.0
102,1618202700,1809.04,1809.34,1807.41,1809.34,1808.2,9.54498657,20.0
103,1618203000,1808.86,1810.0,1808.68,1809.22,1809.49,21.14692204,21.0
104,1618203300,1808.92,1809.04,1804.42,1804.78,1806.11,6.41456554,21.0
105,1618203600,1805.39,1807.78,1804.92,1804.95,1805.31,9.43052229,24.0
106,1618203900,1805.0,1805.0,1801.83,1801.83,1803.37,4.87163916,10.0
107,1618204200,1803.48,1807.67,1803.48,1807.67,1806.09,13.25065966,24.0
108,1618204500,1808.39,1808.39,1804.69,1804.69,1807.68,8.15336611,15.0
109,1618204800,1805.36,1807.19,1803.59,1803.59,1806.03,27.97798333,33.0
110,1618205100,1804.03,1805.65,1803.8,1804.75,1804.55,21.54530504,36.0
111,1618205400,1803.14,1805.76,1802.78,1802.78,1804.6,13.1309441,19.0
112,1618205700,1802.85,1803.08,1801.96,1802.71,1802.65,54.5296459,37.0
113,1618206000,1802.49,1803.99,1802.49,1803.95,1803.52,21.38621953,26.0
114,1618206300,1803.95,1803.95,1803.5,1803.51,1803.65,91.689414,57.0
115,1618206600,1803.5,1803.51,1801.77,1801.78,1802.1,4.36731531,20.0
116,1618206900,1801.77,1803.51,1800.0,1803.51,1800.5,82.85908076,68.0
117,1618207200,1803.51,1803.55,1801.0,1801.53,1801.77,13.32684354,31.0
118,1618207500,1801.54,1802.14,1800.75,1802.14,1801.54,30.00120139,34.0
119,1618207800,1802.39,1804.81,1802.22,1802.52,1804.25,123.03852509,79.0
120,1618208100,1802.76,1807.48,1802.22,1807.48,1805.83,35.81485213,40.0
121,1618208400,1807.01,1808.55,1805.09,1805.96,1807.43,21.41255917,42.0
122,1618208700,1805.73,1809.25,1805.62,1809.19,1808.71,37.09515858,46.0
123,1618209000,1809.64,1812.05,1809.64,1810.41,1810.83,123.41287608,57.0
124,1618209300,1810.9,1810.9,1808.74,1809.95,1809.87,44.18252012,45.0
125,1618209600,1810.09,1814.7,1810.09,1814.7,1812.64,50.15040675,81.0
126,1618209900,1814.7,1815.82,1812.08,1814.86,1813.74,72.38589852,125.0
127,1618210200,1815.8,1829.18,1815.79,1829.18,1823.22,1082.87537071,716.0
128,1618210500,1829.23,1834.0,1829.22,1832.92,1832.41,998.82125451,373.0
129,1618210800,1833.88,1834.0,1827.44,1829.27,1833.03,798.06044917,248.0
130,1618211100,1829.27,1831.98,1829.27,1831.91,1830.26,96.80041795,149.0
131,1618211400,1832.0,1835.85,1830.4,1833.79,1833.72,410.00056305,253.0
132,1618211700,1833.79,1835.41,1828.0,1832.73,1832.56,172.87860916,188.0
133,1618212000,1833.76,1834.97,1831.52,1832.26,1833.61,70.9221823,119.0
134,1618212300,1832.37,1836.0,1830.12,1835.99,1835.39,165.44470624,147.0
135,1618212600,1836.0,1848.08,1835.86,1840.16,1842.73,929.77949074,497.0
136,1618212900,1840.15,1844.55,1837.52,1840.67,1840.94,284.15435225,242.0
137,1618213200,1840.63,1843.66,1839.25,1842.64,1841.71,153.5104949,149.0
138,1618213500,1843.0,1843.96,1833.98,1833.99,1839.29,206.63647249,169.0
139,1618213800,1833.99,1837.56,1831.89,1836.07,1834.57,131.11387215,147.0
140,1618214100,1836.07,1836.45,1833.75,1834.8,1834.77,257.55847721,116.0
141,1618214400,1834.4,1840.0,1833.0,1839.0,1838.66,104.58662596,135.0
142,1618214700,1838.99,1839.0,1833.73,1834.99,1837.07,130.55537618,114.0
143,1618215000,1835.99,1836.0,1834.98,1835.99,1835.98,270.50080174,162.0
144,1618215300,1836.0,1839.25,1835.99,1839.04,1836.5,359.48923835,133.0
145,1618215600,1839.03,1841.27,1839.03,1839.84,1840.62,124.0109624,109.0
146,1618215900,1840.83,1841.99,1836.9,1838.46,1839.03,124.4702893,153.0
147,1618216200,1838.45,1839.59,1836.06,1836.58,1837.73,104.63830078,102.0
148,1618216500,1836.58,1837.4,1835.87,1836.87,1836.73,48.79080819,81.0
149,1618216800,1836.87,1838.0,1835.53,1835.68,1837.15,79.12897598,94.0
150,1618217100,1835.67,1836.88,1835.15,1835.61,1836.07,65.2254005,94.0
151,1618217400,1835.63,1837.23,1834.01,1834.01,1835.77,84.97125273,84.0
152,1618217700,1834.01,1836.53,1831.86,1836.53,1834.48,50.3150588,94.0
153,1618218000,1836.8,1838.0,1835.43,1837.83,1837.11,62.14101071,77.0
154,1618218300,1837.83,1837.99,1837.66,1837.67,1837.69,134.15383102,382.0
155,1618218600,1837.67,1837.91,1827.0,1829.46,1830.22,357.01224965,184.0
156,1618218900,1830.38,1834.72,1830.38,1832.55,1832.94,60.29104288,124.0
157,1618219200,1832.55,1834.25,1830.71,1830.71,1832.85,222.92831014,193.0
158,1618219500,1830.87,1833.73,1830.87,1831.11,1832.5,134.46346171,110.0
159,1618219800,1831.11,1835.43,1831.11,1834.59,1833.09,129.27123912,103.0
160,1618220100,1834.58,1834.93,1811.01,1813.41,1823.25,587.34413233,457.0
161,1618220400,1815.04,1820.91,1808.38,1808.38,1814.42,529.5771197,301.0
162,1618220700,1808.39,1816.99,1806.8,1815.03,1813.9,251.09934516,207.0
163,1618221000,1815.81,1815.97,1813.37,1814.51,1814.78,121.06550797,126.0
164,1618221300,1814.59,1815.0,1792.66,1802.64,1800.35,630.18900129,527.0
165,1618221600,1802.65,1813.0,1799.33,1813.0,1804.29,253.42576978,156.0
166,1618221900,1813.66,1814.71,1811.47,1811.96,1813.27,142.49240511,140.0
167,1618222200,1811.06,1812.69,1807.51,1808.55,1809.67,205.18726202,183.0
168,1618222500,1808.77,1809.0,1800.97,1806.91,1805.62,123.91390992,126.0
169,1618222800,1806.35,1808.96,1798.48,1798.5,1803.48,183.19554438,126.0
170,1618223100,1798.6,1803.22,1798.38,1802.97,1801.5,159.10266245,85.0
171,1618223400,1802.96,1804.6,1798.01,1799.55,1800.21,1752.85575733,282.0
172,1618223700,1799.54,1800.1,1783.5,1788.02,1790.07,837.38252978,396.0
173,1618224000,1787.88,1790.53,1783.49,1786.96,1786.37,214.61064774,179.0
174,1618224300,1787.09,1795.34,1783.39,1793.84,1791.25,368.44095049,176.0
175,1618224600,1793.87,1798.0,1792.09,1795.63,1794.87,330.04236662,174.0
176,1618224900,1795.3,1797.96,1794.52,1796.35,1796.3,200.02789575,108.0
177,1618225200,1796.35,1800.18,1793.77,1797.48,1796.98,149.21302637,124.0
178,1618225500,1797.48,1799.94,1795.93,1799.72,1797.63,120.99717799,78.0
179,1618225800,1799.44,1802.66,1798.55,1801.03,1800.2,120.48665921,154.0
180,1618226100,1803.36,1803.96,1800.57,1800.67,1802.62,163.26682344,62.0
181,1618226400,1800.96,1801.75,1800.7,1801.02,1801.23,56.26644865,60.0
182,1618226700,1800.84,1800.86,1796.91,1797.67,1799.0,116.05637447,54.0
183,1618227000,1798.19,1803.36,1794.19,1803.36,1795.47,138.36582205,74.0
184,1618227300,1803.36,1805.7,1802.2,1805.44,1804.74,103.80654768,79.0
185,1618227600,1806.17,1808.57,1804.31,1808.32,1806.07,323.85712936,86.0
186,1618227900,1808.07,1808.07,1806.52,1806.61,1807.53,16.98328187,41.0
187,1618228200,1806.61,1806.61,1803.01,1803.79,1804.19,62.70074143,61.0
188,1618228500,1803.87,1806.02,1803.27,1805.96,1804.77,31.51409399,48.0
189,1618228800,1806.34,1808.21,1805.0,1807.0,1806.9,214.91275589,106.0
190,1618229100,1807.01,1807.61,1804.16,1804.16,1807.29,114.49008422,56.0
191,1618229400,1803.85,1806.93,1802.32,1806.93,1803.86,19.45067838,34.0
192,1618229700,1807.51,1807.93,1804.13,1804.42,1805.85,95.34975896,56.0
193,1618230000,1804.05,1804.22,1800.39,1801.66,1802.16,134.99046871,55.0
194,1618230300,1801.79,1803.26,1801.5,1803.1,1801.97,26.91671051,50.0
195,1618230600,1802.93,1805.6,1802.93,1805.6,1804.91,256.04083883,88.0
196,1618230900,1805.6,1807.88,1805.35,1805.35,1807.14,73.77949112,53.0
197,1618231200,1805.35,1810.0,1803.61,1809.79,1807.95,122.86908729,72.0
198,1618231500,1809.78,1810.0,1807.28,1808.42,1808.88,128.36246331,73.0
199,1618231800,1807.76,1807.76,1805.98,1807.76,1807.11,54.74031641,64.0
200,1618232100,1807.76,1809.48,1807.75,1809.48,1808.26,17.02284825,54.0
201,1618232400,1809.65,1809.99,1806.43,1808.78,1807.21,43.36972316,40.0
202,1618232700,1808.76,1811.97,1808.76,1810.33,1809.51,49.61389713,49.0
203,1618233000,1810.45,1813.89,1810.23,1813.89,1811.37,44.529066,65.0
204,1618233300,1813.99,1814.84,1810.01,1810.04,1813.25,83.70700366,64.0
205,1618233600,1810.66,1810.66,1808.77,1808.77,1809.21,73.46285686,56.0
206,1618233900,1808.76,1808.76,1806.59,1808.54,1808.28,52.25043833,53.0
207,1618234200,1808.9,1812.12,1808.04,1810.4,1809.07,68.1299942,46.0
208,1618234500,1810.69,1810.69,1807.21,1810.24,1807.95,65.1760703,74.0
209,1618234800,1810.42,1814.69,1810.42,1811.42,1813.69,179.00527814,121.0
210,1618235100,1811.61,1811.7,1810.03,1810.1,1810.15,43.86917231,40.0
211,1618235400,1810.1,1810.13,1807.0,1807.01,1809.43,65.35481858,72.0
212,1618235700,1807.0,1809.08,1805.8,1806.5,1806.83,184.57849307,76.0
213,1618236000,1806.84,1808.2,1802.2,1802.21,1806.38,65.22309493,68.0
214,1618236300,1802.21,1802.48,1798.01,1799.86,1800.19,135.91226201,122.0
215,1618236600,1799.77,1800.48,1797.12,1799.02,1798.75,458.52849232,170.0
216,1618236900,1799.22,1799.22,1797.0,1799.12,1797.53,144.45030668,71.0
217,1618237200,1799.12,1804.05,1799.11,1804.05,1801.13,37.05076835,52.0
218,1618237500,1804.05,1805.44,1802.82,1805.44,1804.35,51.85592822,61.0
219,1618237800,1805.44,1805.76,1803.02,1803.21,1804.7,61.03590679,79.0
220,1618238100,1803.0,1803.58,1801.07,1802.33,1801.89,89.79716404,74.0
221,1618238400,1802.32,1802.33,1798.44,1798.96,1801.08,222.20385719,94.0
222,1618238700,1798.94,1799.27,1795.77,1798.25,1797.39,128.33945885,115.0
223,1618239000,1798.87,1800.49,1798.04,1798.37,1799.17,78.8431218,98.0
224,1618239300,1798.34,1798.48,1790.0,1790.47,1793.86,351.00586002,163.0
225,1618239600,1790.58,1795.21,1790.58,1794.38,1793.23,85.23758864,77.0
226,1618239900,1795.37,1795.48,1788.35,1788.35,1791.87,92.84181355,118.0
227,1618240200,1788.69,1788.72,1780.7,1783.65,1784.46,326.41520799,404.0
228,1618240500,1783.65,1793.43,1783.65,1793.11,1791.5,313.14167907,134.0
229,1618240800,1793.07,1793.84,1787.68,1787.69,1791.84,48.96892036,89.0
230,1618241100,1787.97,1792.2,1786.17,1791.06,1789.14,182.15690585,158.0
231,1618241400,1791.0,1791.0,1784.74,1784.76,1787.4,265.98784578,203.0
232,1618241700,1784.89,1786.93,1784.23,1786.93,1786.12,93.18078937,107.0
233,1618242000,1786.93,1793.84,1786.85,1793.84,1790.01,75.97797363,91.0
234,1618242300,1793.84,1796.0,1793.84,1795.42,1795.37,193.90879588,112.0
235,1618242600,1795.42,1795.42,1788.69,1789.91,1793.12,94.07709623,124.0
236,1618242900,1790.87,1793.58,1784.58,1784.58,1788.6,100.02026733,86.0
237,1618243200,1784.16,1784.16,1769.95,1775.79,1775.84,718.74629798,595.0
238,1618243500,1775.78,1775.79,1771.26,1772.95,1774.27,128.10602779,166.0
239,1618243800,1772.76,1782.24,1772.23,1781.48,1776.6,119.28769573,104.0
240,1618244100,1781.18,1790.68,1780.87,1790.0,1785.7,110.65936019,120.0
241,1618244400,1789.92,1789.92,1784.19,1786.91,1787.11,91.96758486,93.0
242,1618244700,1787.64,1790.0,1785.71,1789.37,1788.47,68.73920652,100.0
243,1618245000,1789.37,1792.25,1788.69,1792.24,1790.05,332.91702843,108.0
244,1618245300,1792.24,1793.09,1788.99,1789.0,1791.78,59.39212995,86.0
245,1618245600,1789.94,1789.94,1788.08,1788.09,1789.0,21.6381331,40.0
246,1618245900,1788.08,1789.03,1785.62,1789.02,1787.26,7.94243692,45.0
247,1618246200,1789.03,1789.03,1785.0,1785.0,1787.03,66.95757104,78.0
248,1618246500,1785.01,1788.34,1785.01,1787.44,1787.01,32.46946167,67.0
249,1618246800,1787.44,1787.45,1780.34,1783.25,1784.28,195.5644792,137.0
250,1618247100,1783.24,1786.02,1783.24,1786.02,1784.39,30.37055611,58.0
251,1618247400,1786.02,1787.84,1784.56,1787.51,1786.47,138.5382682,213.0
252,1618247700,1788.59,1789.1,1784.99,1786.31,1786.64,50.48714325,88.0
253,1618248000,1786.31,1786.56,1781.25,1786.51,1783.26,170.16949211,88.0
254,1618248300,1786.5,1787.72,1782.95,1783.67,1785.04,109.95209169,123.0
255,1618248600,1783.88,1785.35,1782.28,1785.35,1783.82,13.50194031,44.0
256,1618248900,1785.39,1785.39,1781.06,1782.18,1783.46,17.19932772,64.0
257,1618249200,1782.22,1784.14,1782.08,1784.01,1783.55,65.02416358,60.0
258,1618249500,1783.73,1784.7,1781.18,1784.7,1782.23,54.75747951,73.0
259,1618249800,1784.7,1785.56,1782.38,1782.38,1784.65,11.65265946,45.0
260,1618250100,1782.67,1784.08,1781.12,1781.18,1782.87,56.79966481,68.0
261,1618250400,1781.17,1781.17,1776.72,1779.95,1778.11,476.68090142,131.0
262,1618250700,1779.92,1784.34,1778.01,1783.65,1781.03,85.07600931,78.0
263,1618251000,1783.89,1786.36,1783.89,1786.08,1784.84,153.80646293,131.0
264,1618251300,1786.08,1787.93,1785.99,1787.93,1787.04,174.62987743,71.0
265,1618251600,1787.83,1788.03,1785.74,1786.02,1787.02,35.22779774,55.0
266,1618251900,1785.84,1786.78,1783.56,1786.77,1784.96,155.81975037,93.0
267,1618252200,1786.77,1790.68,1785.82,1790.67,1787.41,70.36853128,56.0
268,1618252500,1790.67,1793.98,1789.91,1793.91,1792.53,261.93174813,125.0
269,1618252800,1793.49,1795.0,1792.74,1794.99,1794.4,25.71590279,62.0
270,1618253100,1794.99,1797.08,1794.99,1795.61,1796.07,106.21185037,97.0
271,1618253400,1796.12,1796.98,1792.91,1794.04,1795.63,448.06562311,156.0
272,1618253700,1794.04,1798.58,1794.02,1798.54,1796.01,195.15963881,121.0
273,1618254000,1798.55,1798.55,1794.75,1795.95,1796.08,173.66840446,111.0
274,1618254300,1796.84,1798.59,1796.84,1798.46,1797.96,27.5841413,75.0
275,1618254600,1798.46,1798.46,1795.48,1796.16,1796.69,102.54888696,78.0
276,1618254900,1796.16,1798.58,1796.15,1798.58,1796.38,40.24167034,55.0
277,1618255200,1798.21,1800.86,1798.21,1800.86,1799.31,95.30134354,98.0
278,1618255500,1801.09,1801.77,1798.53,1799.29,1799.54,32.81355001,73.0
279,1618255800,1799.28,1799.63,1797.15,1798.14,1798.5,37.5684741,63.0
280,1618256100,1797.24,1798.09,1797.19,1798.09,1798.01,24.45359829,51.0
281,1618256400,1798.19,1799.63,1798.0,1798.01,1798.29,18.72255435,40.0
282,1618256700,1798.01,1799.1,1797.0,1797.87,1798.05,110.07267936,66.0
283,1618257000,1798.04,1799.56,1797.33,1799.43,1798.91,43.76207651,38.0
284,1618257300,1799.43,1799.55,1798.96,1799.42,1799.36,20.09179742,58.0
285,1618257600,1799.41,1801.11,1797.46,1798.38,1799.49,83.81012466,92.0
286,1618257900,1798.03,1798.03,1796.01,1797.39,1797.01,137.81466797,84.0
287,1618258200,1797.03,1798.4,1796.79,1798.4,1797.2,26.25690379,56.0
288,1618258500,1800.0,1800.8,1798.85,1800.8,1800.05,10.2148926,45.0
289,1618258800,1800.99,1806.0,1800.99,1806.0,1803.02,103.30835727,90.0
290,1618259100,1806.0,1806.07,1800.3,1801.61,1803.3,143.57807313,126.0
291,1618259400,1801.62,1801.62,1798.02,1799.64,1799.58,127.34809802,82.0
292,1618259700,1799.64,1802.09,1799.25,1800.96,1800.41,192.40117941,135.0
293,1618260000,1800.95,1801.14,1799.01,1799.26,1800.29,470.27493768,155.0
294,1618260300,1799.26,1801.9,1798.52,1800.86,1800.25,134.40730335,89.0
295,1618260600,1801.01,1801.73,1798.53,1798.53,1800.03,63.63733951,73.0
296,1618260900,1798.53,1799.24,1797.41,1797.41,1798.67,51.80637847,62.0
297,1618261200,1797.41,1798.49,1796.96,1798.34,1797.75,90.34968705,77.0
298,1618261500,1798.61,1798.78,1796.11,1798.36,1797.61,124.99104192,105.0
299,1618261800,1798.61,1799.0,1797.64,1797.93,1798.49,81.12778721,67.0
300,1618262100,1797.96,1799.11,1796.1,1796.11,1797.2,64.19421147,100.0
301,1618262400,1796.1,1796.11,1791.82,1793.87,1793.22,121.61586716,76.0
302,1618262700,1793.87,1795.11,1792.57,1794.59,1794.31,52.49575968,64.0
303,1618263000,1794.6,1796.0,1794.59,1796.0,1794.63,81.69397386,80.0
304,1618263300,1797.0,1797.72,1795.21,1795.27,1795.95,64.55421891,78.0
305,1618263600,1795.27,1796.82,1795.27,1796.14,1795.71,87.26355037,79.0
306,1618263900,1796.13,1796.13,1792.16,1794.78,1794.11,171.13569963,106.0
307,1618264200,1794.77,1796.2,1794.77,1796.03,1795.76,25.02925919,51.0
308,1618264500,1796.03,1796.38,1795.11,1795.87,1795.69,14.88933377,30.0
309,1618264800,1795.73,1795.73,1791.99,1791.99,1793.15,39.5200896,45.0
310,1618265100,1791.86,1791.86,1790.93,1791.0,1791.36,37.7459984,52.0
311,1618265400,1791.0,1793.36,1790.11,1792.8,1791.1,191.47249186,116.0
312,1618265700,1792.8,1794.09,1791.63,1793.41,1793.5,30.05893374,63.0
313,1618266000,1793.51,1793.51,1790.14,1791.43,1791.73,25.20364108,48.0
314,1618266300,1791.42,1793.52,1791.42,1793.04,1792.99,24.78598352,56.0
315,1618266600,1792.96,1795.0,1792.86,1795.0,1793.56,21.98629244,44.0
316,1618266900,1795.0,1796.8,1795.0,1795.2,1796.28,34.67276685,43.0
317,1618267200,1795.69,1798.04,1795.59,1796.16,1796.73,3.91316178,33.0
318,1618267500,1796.12,1798.04,1796.12,1798.04,1797.43,5.22442314,26.0
319,1618267800,1798.04,1800.0,1798.03,1800.0,1798.53,17.94115376,38.0
320,1618268100,1800.0,1800.08,1799.49,1800.08,1800.02,6.70369816,25.0
321,1618268400,1800.08,1800.08,1796.33,1796.33,1798.07,55.21490843,42.0
322,1618268700,1797.56,1799.29,1797.56,1798.92,1798.45,21.71587697,28.0
323,1618269000,1798.92,1800.08,1798.74,1800.08,1799.66,16.2824109,32.0
324,1618269300,1800.08,1800.82,1799.31,1800.81,1800.43,38.43957096,68.0
325,1618269600,1800.2,1800.2,1797.07,1797.07,1798.45,57.66719585,54.0
326,1618269900,1797.07,1797.3,1796.82,1796.82,1797.11,36.85058155,30.0
327,1618270200,1797.13,1797.46,1796.01,1797.46,1796.58,29.14415258,35.0
328,1618270500,1797.01,1797.36,1796.04,1796.92,1797.1,26.56655848,15.0
329,1618270800,1796.02,1796.37,1793.39,1793.4,1794.06,25.44439047,31.0
330,1618271100,1793.35,1795.13,1793.12,1794.57,1793.95,25.82122071,34.0
331,1618271400,1794.6,1795.68,1794.22,1794.71,1795.22,29.25990932,18.0
332,1618271700,1794.71,1794.71,1792.6,1792.6,1792.89,22.99429787,21.0
333,1618272000,1792.52,1796.0,1792.0,1792.89,1793.31,15.16448745,25.0
334,1618272300,1794.75,1802.54,1794.75,1802.54,1800.65,25.1419667,26.0
335,1618272600,1803.0,1805.77,1802.99,1805.69,1804.88,110.70772057,51.0
336,1618272900,1805.7,1805.77,1803.95,1803.95,1805.37,30.07769745,39.0
337,1618273200,1804.89,1805.77,1804.89,1805.77,1805.62,66.45236999,57.0
338,1618273500,1805.77,1805.77,1805.76,1805.77,1805.76,199.09490927,143.0
339,1618273800,1805.77,1805.77,1801.93,1801.93,1804.45,73.09784066,58.0
340,1618274100,1804.33,1805.69,1803.83,1804.89,1804.61,50.40672431,56.0
341,1618274400,1805.16,1807.98,1805.16,1807.98,1806.25,43.15220895,50.0
342,1618274700,1807.97,1807.98,1805.38,1807.97,1806.79,104.83984701,56.0
343,1618275000,1807.87,1807.97,1806.78,1807.97,1807.38,19.92975755,16.0
344,1618275300,1807.98,1808.0,1807.98,1808.0,1807.99,31.10009099,16.0
345,1618275600,1808.0,1808.63,1808.0,1808.62,1808.42,17.69130325,26.0
346,1618275900,1808.63,1808.87,1806.88,1806.88,1808.4,73.97311061,33.0
347,1618276200,1806.87,1807.42,1806.17,1806.46,1806.95,74.71388549,48.0
348,1618276500,1806.24,1806.24,1801.48,1801.48,1803.77,64.78743704,53.0
349,1618276800,1801.16,1805.3,1801.16,1805.3,1802.57,31.9088612,23.0
350,1618277100,1805.36,1805.36,1803.85,1804.92,1804.43,56.25256843,36.0
351,1618277400,1804.9,1808.58,1804.9,1808.58,1806.57,31.29494425,22.0
352,1618277700,1808.46,1809.0,1807.25,1809.0,1808.53,41.45422784,31.0
353,1618278000,1809.0,1810.0,1809.0,1809.99,1809.38,72.20294995,44.0
354,1618278300,1810.0,1812.67,1809.89,1810.97,1811.11,289.67346597,131.0
355,1618278600,1810.48,1816.95,1809.21,1816.28,1813.34,981.76564645,333.0
356,1618278900,1816.96,1817.65,1814.0,1814.44,1815.19,254.63018424,120.0
357,1618279200,1813.31,1814.59,1810.51,1811.35,1813.28,75.14009003,34.0
358,1618279500,1811.45,1812.32,1811.26,1811.38,1811.86,24.29868391,26.0
359,1618279800,1811.58,1813.21,1811.58,1813.21,1812.12,93.93351745,18.0
360,1618280100,1813.17,1813.9,1810.85,1810.85,1813.17,11.84621127,10.0
361,1618280400,1811.35,1811.35,1810.66,1810.66,1811.21,2.17827891,10.0
362,1618280700,1810.87,1811.11,1810.35,1810.35,1810.81,13.57985622,14.0
363,1618281000,1810.0,1813.81,1810.0,1813.81,1811.32,8.88860124,13.0
364,1618281300,1813.81,1816.03,1813.43,1813.43,1814.09,105.53806198,22.0
365,1618281600,1813.95,1815.75,1813.61,1815.0,1814.43,39.12423361,17.0
366,1618281900,1814.96,1815.64,1814.57,1814.87,1814.98,7.05630559,13.0
367,1618282200,1814.42,1814.42,1813.2,1813.2,1814.1,16.23958032,14.0
368,1618282500,1813.83,1815.71,1813.56,1815.17,1814.41,8.46748953,14.0
369,1618282800,1817.01,1819.9,1817.0,1818.63,1818.6,127.22856709,54.0
370,1618283100,1818.83,1818.83,1815.11,1816.15,1816.48,4.66160469,11.0
371,1618283400,1816.93,1818.7,1816.93,1818.7,1818.23,44.32776164,7.0
372,1618283700,1819.46,1819.89,1814.55,1815.38,1818.3,89.65516008,24.0
373,1618284000,1815.87,1815.87,1810.7,1812.34,1812.67,76.10829728,32.0
374,1618284300,1813.45,1813.99,1810.1,1810.64,1812.18,36.11547107,35.0
375,1618284600,1812.0,1812.47,1810.91,1811.73,1811.3,18.0431988,21.0
376,1618284900,1811.91,1813.8,1810.59,1812.32,1811.59,180.62127317,46.0
377,1618285200,1812.3,1813.78,1812.3,1813.7,1813.68,42.74025809,16.0
378,1618285500,1814.0,1814.21,1810.1,1810.1,1810.85,56.09094632,27.0
379,1618285800,1812.3,1812.59,1811.32,1812.35,1811.62,43.59584667,15.0
380,1618286100,1811.81,1812.44,1811.81,1812.01,1812.26,2.02964087,10.0
381,1618286400,1812.43,1815.99,1811.19,1815.99,1814.11,32.70963178,17.0
382,1618286700,1816.0,1816.44,1815.99,1816.44,1816.38,12.9114306,15.0
383,1618287000,1816.43,1816.43,1814.54,1814.81,1815.23,17.4919783,21.0
384,1618287300,1816.37,1816.38,1811.33,1811.53,1812.49,40.8977295,23.0
385,1618287600,1812.33,1813.23,1811.73,1812.64,1812.86,17.47284772,13.0
386,1618287900,1812.81,1814.59,1812.81,1814.16,1813.58,34.8182823,37.0
387,1618288200,1814.16,1816.19,1811.92,1816.19,1814.32,62.99321671,36.0
388,1618288500,1816.18,1816.19,1814.05,1815.64,1815.23,44.23036226,29.0
389,1618288800,1815.63,1815.63,1810.45,1810.51,1812.07,41.68600604,30.0
390,1618289100,1811.21,1814.13,1811.21,1814.12,1811.86,31.28560683,19.0
391,1618289400,1814.12,1815.09,1813.54,1814.24,1814.1,4.52036136,12.0
392,1618289700,1814.78,1815.27,1814.0,1814.19,1814.22,19.11662207,17.0
393,1618290000,1815.19,1815.19,1812.63,1812.63,1813.93,8.87938847,20.0
394,1618290300,1812.39,1815.0,1812.39,1815.0,1813.51,5.44684578,20.0
395,1618290600,1815.0,1815.37,1814.06,1814.38,1814.92,44.07490535,55.0
396,1618290900,1814.38,1815.01,1811.91,1813.42,1813.36,20.01913857,21.0
397,1618291200,1813.26,1816.32,1812.91,1815.44,1815.72,27.75285905,35.0
398,1618291500,1816.07,1816.41,1814.92,1815.99,1815.76,28.87199152,49.0
399,1618291800,1815.99,1818.53,1815.99,1817.77,1816.99,201.63906243,58.0
400,1618292100,1816.98,1816.98,1813.48,1815.51,1815.11,67.71249644,46.0
401,1618292400,1814.9,1817.13,1814.79,1816.58,1815.83,76.19612366,48.0
402,1618292700,1817.08,1818.49,1817.08,1818.49,1817.98,31.07176932,35.0
403,1618293000,1818.5,1818.84,1812.99,1813.51,1814.85,127.27708937,68.0
404,1618293300,1814.35,1815.47,1812.98,1815.0,1813.96,140.0234354,69.0
405,1618293600,1814.99,1819.72,1814.98,1819.27,1817.1,148.07213228,94.0
406,1618293900,1819.79,1825.97,1819.69,1825.97,1822.42,226.18828279,152.0
407,1618294200,1825.97,1832.0,1825.97,1832.0,1829.02,181.6357082,226.0
408,1618294500,1832.0,1832.01,1825.37,1826.53,1829.19,152.41412882,118.0
409,1618294800,1826.82,1831.65,1826.82,1831.65,1828.97,107.9141947,116.0
410,1618295100,1831.83,1837.25,1831.82,1835.6,1835.56,384.6254401,267.0
411,1618295400,1835.27,1836.07,1827.04,1827.99,1832.5,288.80327986,205.0
412,1618295700,1827.01,1827.01,1816.9,1818.29,1822.38,236.79762907,173.0
413,1618296000,1818.33,1823.85,1818.33,1821.92,1821.93,213.87932893,122.0
414,1618296300,1821.56,1821.56,1808.33,1813.07,1814.74,462.13165051,255.0
415,1618296600,1813.39,1815.8,1811.99,1814.04,1812.99,62.32927856,81.0
416,1618296900,1814.89,1815.54,1813.73,1814.3,1815.3,27.82601475,42.0
417,1618297200,1814.99,1821.13,1814.99,1819.04,1818.47,145.29986495,147.0
418,1618297500,1819.01,1823.59,1818.45,1821.67,1821.93,182.60721385,115.0
419,1618297800,1821.55,1821.73,1816.09,1816.18,1817.65,122.06807254,90.0
420,1618298100,1815.82,1815.82,1809.28,1815.24,1812.8,118.56238274,111.0
421,1618298400,1815.52,1817.06,1812.65,1814.79,1815.6,141.43895774,109.0
422,1618298700,1815.07,1815.68,1811.0,1811.01,1812.7,94.74843681,110.0
423,1618299000,1811.02,1812.16,1806.62,1811.51,1810.02,194.12122579,151.0
424,1618299300,1811.51,1814.41,1811.5,1814.41,1812.98,44.64434074,95.0
425,1618299600,1814.99,1819.43,1814.43,1819.23,1818.02,138.87881694,106.0
426,1618299900,1819.43,1819.43,1816.58,1819.23,1818.28,67.73317121,83.0
427,1618300200,1818.28,1822.0,1817.88,1822.0,1819.86,33.81537822,76.0
428,1618300500,1822.0,1823.76,1816.0,1817.71,1820.21,201.87834499,124.0
429,1618300800,1817.71,1824.95,1817.71,1822.32,1823.03,310.69684598,145.0
430,1618301100,1822.93,1824.61,1820.95,1822.0,1823.5,137.35211173,73.0
431,1618301400,1822.0,1827.49,1821.97,1825.94,1825.5,405.29969092,192.0
432,1618301700,1825.94,1839.61,1825.93,1839.47,1831.5,1103.63193808,551.0
433,1618302000,1839.61,1845.0,1833.56,1834.46,1840.3,733.57636217,648.0
434,1618302300,1835.08,1841.06,1831.57,1839.3,1836.36,200.1391731,211.0
435,1618302600,1839.27,1855.0,1835.67,1854.22,1847.03,1443.7359633,916.0
436,1618302900,1852.18,1854.48,1848.72,1850.51,1851.52,536.28808038,323.0
437,1618303200,1850.89,1856.55,1850.89,1855.95,1853.98,317.20364684,271.0
438,1618303500,1855.61,1856.59,1847.77,1853.49,1851.98,453.05110109,254.0
439,1618303800,1853.99,1860.0,1853.14,1858.9,1855.93,203.49538333,246.0
440,1618304100,1859.37,1861.0,1856.41,1861.0,1859.45,361.50216096,270.0
441,1618304400,1861.0,1863.72,1854.93,1858.81,1858.41,208.41816806,269.0
442,1618304700,1858.81,1858.81,1853.39,1855.72,1855.84,153.44428958,207.0
443,1618305000,1855.71,1856.0,1853.69,1855.99,1855.12,67.83303717,119.0
444,1618305300,1855.72,1856.72,1853.77,1854.53,1854.64,202.34323519,116.0
445,1618305600,1854.53,1854.77,1848.85,1849.52,1852.49,760.19602864,227.0
446,1618305900,1849.51,1849.51,1847.69,1848.9,1849.02,228.58474599,152.0
447,1618306200,1848.64,1848.87,1842.54,1846.06,1844.54,84.4299255,131.0
448,1618306500,1846.07,1851.87,1846.07,1851.76,1849.49,242.87588341,118.0
449,1618306800,1852.03,1853.12,1850.12,1850.69,1851.83,31.98296413,76.0
450,1618307100,1850.73,1859.9,1850.73,1859.32,1856.26,170.18660144,205.0
451,1618307400,1859.31,1864.7,1859.31,1863.21,1861.25,379.18864569,224.0
452,1618307700,1864.06,1864.99,1854.86,1860.36,1859.2,343.74393834,246.0
453,1618308000,1860.16,1862.33,1859.01,1861.17,1860.83,231.29189351,191.0
454,1618308300,1861.01,1861.01,1853.98,1857.56,1857.04,222.77164556,163.0
455,1618308600,1857.81,1858.86,1856.14,1856.99,1857.37,92.06909965,125.0
456,1618308900,1857.0,1865.0,1857.0,1864.97,1861.59,304.78259075,184.0
457,1618309200,1864.99,1865.0,1862.17,1862.97,1864.17,103.34535361,117.0
458,1618309500,1862.97,1865.0,1860.07,1864.99,1862.53,119.78603517,120.0
459,1618309800,1864.99,1866.29,1862.39,1862.39,1865.29,270.93926307,141.0
460,1618310100,1863.78,1864.82,1855.0,1856.14,1858.33,296.99689479,179.0
461,1618310400,1856.04,1859.11,1855.0,1859.11,1857.24,82.85515628,92.0
462,1618310700,1859.11,1861.0,1859.1,1859.4,1860.07,61.97947754,97.0
463,1618311000,1859.59,1860.69,1857.92,1859.2,1859.37,93.37614547,127.0
464,1618311300,1859.2,1860.97,1859.06,1860.97,1859.99,100.48059844,87.0
465,1618311600,1860.98,1863.05,1860.98,1862.06,1861.82,95.75972058,96.0
466,1618311900,1861.99,1864.56,1861.99,1862.99,1863.65,76.10085546,93.0
467,1618312200,1863.0,1863.0,1859.68,1860.0,1860.72,197.544315,130.0
468,1618312500,1860.0,1861.79,1858.4,1860.95,1859.88,128.22812703,98.0
469,1618312800,1860.95,1865.9,1860.95,1864.98,1864.18,301.46346601,131.0
470,1618313100,1865.9,1866.82,1862.81,1862.81,1865.62,141.46373814,114.0
471,1618313400,1862.9,1867.0,1862.81,1866.36,1864.62,65.25010636,104.0
472,1618313700,1866.36,1870.93,1866.35,1869.75,1869.55,342.74006884,248.0
473,1618314000,1869.32,1873.02,1868.41,1871.98,1871.35,197.20135999,266.0
474,1618314300,1871.98,1871.99,1865.31,1866.89,1867.96,171.46464648,217.0
475,1618314600,1866.88,1870.49,1863.99,1870.24,1867.58,304.99362922,175.0
476,1618314900,1870.18,1873.72,1870.18,1873.72,1872.92,84.03247798,86.0
477,1618315200,1873.72,1876.67,1870.17,1870.89,1874.24,353.3001992,227.0
478,1618315500,1870.89,1874.32,1869.8,1872.0,1871.6,396.22881418,159.0
479,1618315800,1872.22,1874.63,1872.04,1873.96,1873.65,127.16186851,121.0
480,1618316100,1873.96,1874.93,1869.3,1870.06,1872.27,70.43981862,108.0
481,1618316400,1869.72,1871.31,1866.64,1868.81,1868.04,402.94630428,171.0
482,1618316700,1867.84,1870.43,1866.66,1869.08,1868.93,175.56842508,159.0
483,1618317000,1869.17,1871.23,1865.89,1866.13,1869.98,304.7325658,136.0
484,1618317300,1865.27,1868.43,1863.82,1866.69,1865.86,681.88171388,182.0
485,1618317600,1866.78,1867.74,1865.12,1867.22,1866.54,258.67500967,142.0
486,1618317900,1867.09,1868.15,1866.02,1866.05,1867.13,210.70196119,121.0
487,1618318200,1866.05,1868.04,1863.72,1867.81,1865.23,178.83190798,118.0
488,1618318500,1867.83,1869.66,1867.27,1869.48,1868.59,80.88292313,71.0
489,1618318800,1869.48,1870.86,1864.54,1865.05,1868.49,75.22343298,161.0
490,1618319100,1865.05,1869.83,1864.56,1866.57,1866.48,84.34304223,70.0
491,1618319400,1866.46,1868.54,1865.35,1867.23,1866.92,334.09850222,118.0
492,1618319700,1867.52,1870.88,1866.95,1868.01,1869.1,100.10232052,190.0
493,1618320000,1868.01,1870.64,1866.62,1870.55,1867.96,41.66175186,66.0
494,1618320300,1869.33,1869.6,1865.36,1865.64,1867.22,77.17892049,72.0
495,1618320600,1865.94,1867.62,1864.09,1864.31,1865.11,131.28573907,101.0
496,1618320900,1864.6,1864.6,1861.86,1863.3,1862.8,185.54180827,173.0
497,1618321200,1863.21,1864.05,1862.77,1863.3,1863.74,58.59324094,112.0
498,1618321500,1863.49,1866.3,1862.63,1866.29,1864.4,112.06175706,110.0
499,1618321800,1866.29,1868.0,1866.09,1867.74,1867.46,172.81573595,163.0
500,1618322100,1867.97,1869.67,1867.24,1867.89,1868.8,95.14205997,86.0
501,1618322400,1867.88,1869.2,1866.13,1866.38,1867.72,49.22023687,64.0
502,1618322700,1866.95,1868.65,1865.0,1867.38,1866.86,111.30325867,71.0
503,1618323000,1867.38,1877.35,1867.38,1877.27,1873.75,216.73531316,173.0
504,1618323300,1877.11,1881.0,1876.43,1878.0,1879.75,321.48097389,276.0
505,1618323600,1878.19,1880.45,1875.65,1879.41,1877.44,144.8088233,126.0
506,1618323900,1879.45,1882.95,1879.42,1882.95,1880.67,201.64199163,119.0
507,1618324200,1882.95,1883.3,1880.01,1881.16,1881.32,180.69454674,127.0
508,1618324500,1881.55,1884.0,1881.55,1884.0,1883.52,55.98234628,103.0
509,1618324800,1884.0,1884.0,1883.11,1884.0,1883.64,74.39040308,95.0
510,1618325100,1883.99,1886.12,1883.99,1886.07,1884.3,220.91969767,153.0
511,1618325400,1886.08,1889.0,1885.8,1889.0,1887.1,176.88245884,161.0
512,1618325700,1889.39,1897.09,1889.38,1897.09,1893.8,666.36516444,371.0
513,1618326000,1897.03,1899.0,1893.56,1893.75,1897.15,737.74918386,364.0
514,1618326300,1893.75,1893.99,1887.4,1888.63,1890.76,532.95196708,283.0
515,1618326600,1888.64,1893.68,1888.64,1890.5,1892.29,205.58600514,135.0
516,1618326900,1890.21,1890.21,1883.41,1883.87,1885.59,300.88376692,224.0
517,1618327200,1884.5,1891.48,1883.44,1891.3,1886.66,415.99027049,189.0
518,1618327500,1891.29,1897.72,1891.02,1897.69,1893.59,62.80034384,103.0
519,1618327800,1898.08,1898.39,1890.36,1890.36,1894.95,209.02573555,198.0
520,1618328100,1891.37,1894.29,1890.05,1893.83,1892.21,61.67960167,109.0
521,1618328400,1893.83,1899.47,1893.82,1897.73,1898.08,280.32220743,205.0
522,1618328700,1897.74,1898.61,1894.33,1897.83,1895.78,54.72212578,111.0
523,1618329000,1896.45,1899.93,1894.99,1897.48,1897.97,329.32424738,177.0
524,1618329300,1897.48,1904.34,1897.48,1904.34,1900.06,1351.73956138,665.0
525,1618329600,1904.34,1915.9,1904.34,1911.21,1908.43,1827.87222783,581.0
526,1618329900,1911.92,1917.01,1905.99,1912.71,1911.18,873.43600546,380.0
527,1618330200,1913.55,1919.17,1910.14,1918.64,1913.11,364.43124338,270.0
528,1618330500,1918.63,1918.64,1910.48,1917.58,1913.15,226.59470469,230.0
529,1618330800,1917.0,1921.0,1914.32,1915.55,1919.41,664.25147988,285.0
530,1618331100,1916.77,1916.98,1914.22,1914.8,1915.33,157.93912508,141.0
531,1618331400,1914.79,1916.03,1904.89,1904.89,1910.66,402.06958658,321.0
532,1618331700,1904.58,1911.99,1904.23,1908.28,1909.66,347.14866842,242.0
533,1618332000,1907.93,1909.15,1906.79,1907.99,1908.16,183.42051064,166.0
534,1618332300,1908.0,1908.64,1903.06,1905.36,1905.42,254.91348238,231.0
535,1618332600,1905.57,1907.2,1903.49,1905.0,1905.39,119.07175015,161.0
536,1618332900,1905.7,1905.89,1898.89,1900.0,1900.42,721.8405946,251.0
537,1618333200,1899.99,1900.0,1898.99,1900.0,1899.78,548.10638722,206.0
538,1618333500,1899.99,1908.51,1899.8,1908.51,1902.01,252.1160246,176.0
539,1618333800,1908.5,1914.62,1908.5,1913.04,1910.32,208.37259431,175.0
540,1618334100,1914.62,1920.0,1913.97,1919.06,1917.15,194.43655062,207.0
541,1618334400,1919.99,1922.82,1917.66,1921.08,1920.62,256.98380203,241.0
542,1618334700,1921.08,1921.31,1914.29,1920.37,1918.32,172.27731607,193.0
543,1618335000,1920.36,1925.0,1917.4,1917.93,1922.59,285.08144111,195.0
544,1618335300,1917.95,1918.79,1916.64,1918.0,1917.46,121.77683779,130.0
545,1618335600,1918.0,1918.79,1915.65,1918.78,1916.42,205.06870427,131.0
546,1618335900,1918.79,1923.66,1918.66,1922.05,1920.14,80.35974755,155.0
547,1618336200,1922.65,1925.0,1922.65,1924.91,1924.43,132.857525,142.0
548,1618336500,1924.9,1933.72,1924.1,1933.23,1925.63,1386.81821419,438.0
549,1618336800,1933.23,1936.39,1929.91,1930.99,1934.1,307.61107792,304.0
550,1618337100,1932.37,1934.52,1926.98,1929.02,1930.57,256.35929968,242.0
551,1618337400,1928.5,1933.0,1924.7,1932.65,1928.26,153.52544176,206.0
552,1618337700,1932.64,1934.43,1928.36,1929.53,1931.36,185.8919159,172.0
553,1618338000,1929.54,1936.99,1929.0,1931.18,1931.73,267.76880166,237.0
554,1618338300,1931.15,1931.34,1926.76,1928.57,1928.88,211.6243628,233.0
555,1618338600,1928.57,1932.14,1922.6,1922.81,1926.37,637.4305651,316.0
556,1618338900,1923.55,1927.59,1920.53,1922.23,1924.17,708.300635,310.0
557,1618339200,1922.24,1923.09,1918.79,1921.38,1920.99,244.93899031,189.0
558,1618339500,1921.01,1921.01,1906.97,1908.48,1912.37,216.5288083,348.0
559,1618339800,1908.57,1912.17,1900.93,1900.93,1908.29,274.38749348,298.0
560,1618340100,1900.93,1903.8,1887.46,1893.7,1894.33,734.45262628,667.0
561,1618340400,1893.88,1909.74,1893.88,1906.49,1904.96,351.01354854,363.0
562,1618340700,1906.48,1912.25,1905.94,1911.59,1908.95,98.33490992,129.0
563,1618341000,1911.79,1914.66,1907.46,1908.99,1910.85,335.00852801,177.0
564,1618341300,1908.99,1912.86,1906.53,1912.42,1909.24,97.51273004,105.0
565,1618341600,1913.56,1914.25,1907.12,1910.64,1910.53,206.00843773,165.0
566,1618341900,1910.63,1911.51,1901.19,1901.61,1906.86,195.67801961,159.0
567,1618342200,1901.6,1902.38,1895.09,1898.6,1899.3,563.35327759,308.0
568,1618342500,1898.61,1907.47,1898.61,1905.76,1902.72,255.50754312,149.0
569,1618342800,1906.6,1909.9,1904.88,1909.41,1907.4,71.36037677,96.0
570,1618343100,1909.42,1919.0,1909.42,1918.99,1912.72,251.59373099,143.0
571,1618343400,1919.0,1926.94,1918.99,1926.91,1921.74,228.93169948,211.0
572,1618343700,1926.95,1927.0,1922.32,1923.02,1925.1,155.57197189,139.0
573,1618344000,1921.66,1923.95,1921.57,1923.0,1922.95,607.77941446,160.0
574,1618344300,1923.0,1929.37,1922.98,1929.36,1924.84,207.10407052,183.0
575,1618344600,1929.36,1929.36,1922.97,1926.87,1926.27,67.293432,95.0
576,1618344900,1926.87,1926.87,1921.72,1923.46,1925.7,121.38810878,103.0
577,1618345200,1923.45,1923.45,1919.64,1919.85,1920.79,87.77433107,102.0
578,1618345500,1919.85,1919.85,1914.7,1916.98,1917.12,72.80762533,99.0
579,1618345800,1916.99,1917.4,1911.81,1912.94,1915.47,153.59285261,87.0
580,1618346100,1912.22,1921.02,1912.22,1916.55,1916.25,154.8082015,97.0
581,1618346400,1916.64,1918.86,1915.05,1918.69,1917.7,134.65403635,104.0
582,1618346700,1918.95,1923.91,1918.95,1922.93,1921.97,58.73354027,84.0
583,1618347000,1922.94,1925.33,1920.87,1923.52,1922.84,46.30200317,87.0
584,1618347300,1923.85,1926.99,1923.85,1926.47,1925.56,51.16622551,81.0
585,1618347600,1926.47,1926.47,1922.76,1922.77,1924.82,68.763971,82.0
586,1618347900,1922.77,1922.77,1920.99,1921.79,1921.58,35.22057969,67.0
587,1618348200,1922.02,1922.49,1917.4,1917.88,1919.53,69.287084,69.0
588,1618348500,1917.91,1918.18,1915.02,1915.65,1917.11,94.65514058,80.0
589,1618348800,1915.71,1917.74,1915.64,1917.0,1916.58,33.29372587,59.0
590,1618349100,1917.0,1917.07,1917.0,1917.0,1917.02,32.33152378,63.0
591,1618349400,1917.01,1917.01,1907.68,1908.89,1913.24,72.43181765,99.0
592,1618349700,1908.89,1910.0,1907.3,1909.59,1909.28,294.60663055,131.0
593,1618350000,1909.59,1913.84,1907.85,1912.38,1909.33,312.47434222,144.0
594,1618350300,1913.07,1917.0,1912.08,1917.0,1913.03,65.59949593,68.0
595,1618350600,1917.0,1917.34,1910.74,1911.21,1914.5,144.22625691,120.0
596,1618350900,1911.22,1911.77,1908.67,1910.12,1910.82,70.08485825,71.0
597,1618351200,1910.13,1913.77,1909.52,1913.76,1910.55,97.64488739,87.0
598,1618351500,1913.76,1913.76,1900.97,1901.69,1905.19,140.42478812,179.0
599,1618351800,1901.63,1901.99,1898.36,1899.07,1899.62,383.68474676,196.0
600,1618352100,1899.03,1907.28,1899.03,1907.27,1903.6,121.53002935,86.0
601,1618352400,1907.27,1907.28,1901.0,1902.43,1904.01,34.33255727,51.0
602,1618352700,1902.43,1905.0,1902.42,1903.99,1903.47,78.76268358,62.0
603,1618353000,1904.5,1909.53,1904.5,1909.53,1906.76,28.31364705,55.0
604,1618353300,1909.52,1909.8,1906.21,1906.37,1907.59,41.38973019,36.0
605,1618353600,1906.5,1908.72,1906.0,1907.98,1906.63,7.88230085,55.0
606,1618353900,1907.98,1910.0,1907.98,1909.99,1909.86,11.69200786,30.0
607,1618354200,1909.98,1909.99,1907.99,1909.88,1909.34,69.05668853,39.0
608,1618354500,1909.88,1912.61,1909.87,1912.61,1910.74,15.10504141,23.0
609,1618354800,1912.62,1914.58,1910.87,1912.6,1912.93,20.90859084,42.0
610,1618355100,1912.59,1913.64,1911.92,1913.64,1912.43,89.87172328,28.0
611,1618355400,1913.63,1916.29,1913.12,1916.14,1914.91,8.62164699,32.0
612,1618355700,1915.74,1916.64,1915.46,1916.07,1915.99,14.02577623,17.0
613,1618356000,1916.08,1920.0,1916.07,1920.0,1918.98,55.94434892,58.0
614,1618356300,1919.29,1921.0,1919.29,1921.0,1920.62,25.72855636,35.0
615,1618356600,1920.99,1924.96,1920.4,1924.96,1922.49,134.07793987,50.0
616,1618356900,1924.96,1925.0,1923.27,1923.27,1924.37,34.14919354,35.0
617,1618357200,1922.68,1922.7,1920.25,1920.37,1921.32,45.62505947,45.0
618,1618357500,1920.75,1921.42,1920.09,1921.42,1921.12,110.91241267,49.0
619,1618357800,1920.98,1924.99,1920.98,1924.99,1922.55,15.28210056,23.0
620,1618358100,1924.98,1926.47,1923.01,1923.84,1925.97,52.66130537,50.0
621,1618358400,1923.57,1930.75,1923.57,1928.69,1927.31,129.22015585,97.0
622,1618358700,1928.1,1928.93,1924.24,1926.03,1927.22,43.99537614,45.0
623,1618359000,1923.6,1923.6,1922.0,1922.6,1922.39,13.29024554,20.0
624,1618359300,1922.55,1923.5,1917.55,1919.11,1919.71,91.30898606,65.0
625,1618359600,1918.28,1920.5,1918.28,1918.6,1920.17,42.77010615,25.0
626,1618359900,1920.39,1920.46,1917.55,1917.55,1918.64,53.83784207,31.0
627,1618360200,1918.2,1919.41,1917.56,1918.25,1918.19,24.66568042,25.0
628,1618360500,1918.25,1919.4,1917.58,1919.4,1918.02,5.47276893,11.0
629,1618360800,1919.46,1924.2,1919.46,1924.2,1921.68,4.46037196,11.0
630,1618361100,1924.1,1925.22,1923.48,1925.22,1924.48,0.55966506,13.0
631,1618361400,1925.23,1926.05,1923.99,1925.48,1925.42,11.27827487,21.0
632,1618361700,1923.9,1924.73,1922.9,1923.71,1924.28,5.5900277,12.0
633,1618362000,1923.01,1923.01,1920.26,1920.26,1921.15,28.2559797,23.0
634,1618362300,1921.78,1924.46,1920.0,1920.0,1922.56,26.85226623,23.0
635,1618362600,1920.01,1920.01,1916.72,1916.99,1917.64,7.59634211,14.0
636,1618362900,1916.73,1917.0,1915.0,1915.0,1916.53,174.69810008,38.0
637,1618363200,1915.0,1915.0,1912.25,1913.15,1914.05,37.27041886,14.0
638,1618363500,1912.32,1916.77,1911.76,1916.77,1914.94,6.63392769,16.0
639,1618363800,1914.95,1916.99,1914.67,1916.99,1916.37,1.74138151,8.0
640,1618364100,1916.99,1917.73,1916.99,1917.73,1917.68,15.55120696,30.0
641,1618364400,1917.72,1917.73,1915.88,1915.88,1917.69,6.00190988,14.0
642,1618364700,1916.93,1917.73,1913.71,1913.71,1915.72,14.34603725,16.0
643,1618365000,1917.6,1919.89,1917.6,1919.89,1918.49,9.37223538,12.0
644,1618365300,1920.4,1921.56,1920.05,1921.15,1920.91,6.91967314,9.0
645,1618365600,1918.72,1919.01,1914.4,1914.4,1915.61,28.63026233,22.0
646,1618365900,1913.69,1916.87,1913.64,1914.36,1915.1,44.87855539,20.0
647,1618366200,1915.48,1915.48,1911.71,1912.27,1912.53,24.93788609,23.0
648,1618366500,1912.57,1914.25,1912.57,1912.69,1913.26,3.64636995,10.0
649,1618366800,1912.49,1917.69,1912.49,1917.27,1917.26,6.44427365,12.0
650,1618367100,1916.86,1917.42,1915.88,1916.19,1917.33,31.84853207,14.0
651,1618367400,1915.27,1915.27,1912.47,1914.54,1913.81,12.04941561,17.0
652,1618367700,1916.36,1917.32,1914.44,1915.87,1916.77,10.26887187,11.0
653,1618368000,1916.48,1919.34,1916.48,1917.99,1919.22,2.7034386,7.0
654,1618368300,1917.56,1920.05,1916.33,1920.05,1918.9,21.08991312,16.0
655,1618368600,1919.1,1919.26,1917.53,1917.53,1918.98,8.04731202,10.0
656,1618368900,1918.96,1920.37,1917.31,1919.8,1920.09,51.82035809,48.0
657,1618369200,1918.93,1919.54,1917.55,1918.0,1918.44,13.24988943,20.0
658,1618369500,1917.71,1926.59,1917.54,1926.59,1924.17,76.79237649,39.0
659,1618369800,1927.29,1937.0,1927.29,1935.62,1934.44,280.1446034,152.0
660,1618370100,1936.27,1945.99,1936.27,1945.0,1940.92,302.45849145,320.0
661,1618370400,1945.92,1949.75,1945.92,1949.75,1948.39,490.18370512,175.0
662,1618370700,1949.75,1956.84,1949.75,1956.05,1951.89,713.33137292,342.0
663,1618371000,1956.83,1956.84,1950.0,1950.23,1954.33,177.33447861,61.0
664,1618371300,1950.79,1962.99,1950.79,1962.13,1957.71,236.49085983,119.0
665,1618371600,1961.27,1961.27,1953.0,1953.0,1956.25,37.93399991,55.0
666,1618371900,1951.17,1955.02,1950.01,1955.01,1952.96,38.88629048,72.0
667,1618372200,1955.0,1957.83,1952.73,1954.82,1955.28,67.60939567,65.0
668,1618372500,1955.71,1962.76,1955.39,1961.61,1960.36,84.9953734,92.0
669,1618372800,1961.25,1964.0,1957.57,1958.13,1962.44,34.52057039,111.0
670,1618373100,1959.41,1960.45,1958.0,1959.23,1959.62,91.38414696,69.0
671,1618373400,1960.77,1961.6,1956.92,1957.44,1959.86,59.20475711,72.0
672,1618373700,1957.62,1964.0,1957.62,1962.99,1961.15,55.99144688,65.0
673,1618374000,1962.17,1962.79,1959.14,1962.22,1961.38,39.61886449,42.0
674,1618374300,1962.76,1963.25,1958.95,1962.12,1960.81,141.14054306,63.0
675,1618374600,1961.78,1963.76,1959.39,1962.99,1961.43,54.42591759,55.0
676,1618374900,1963.75,1977.92,1963.65,1977.92,1968.36,520.92755039,298.0
677,1618375200,1977.92,1983.0,1976.34,1979.79,1979.89,287.97600005,233.0
678,1618375500,1979.79,1980.8,1971.05,1972.86,1976.45,111.58052958,108.0
679,1618375800,1972.44,1979.19,1971.04,1978.51,1975.02,107.04029997,115.0
680,1618376100,1978.33,1980.83,1974.77,1978.66,1979.2,99.0042129,111.0
681,1618376400,1979.16,1984.2,1978.0,1982.68,1980.49,161.46464334,143.0
682,1618376700,1982.52,1983.09,1976.77,1976.77,1979.36,79.75414592,90.0
683,1618377000,1976.5,1983.31,1975.69,1983.31,1977.45,197.35206715,111.0
684,1618377300,1983.31,1984.2,1981.47,1981.97,1983.4,326.49010342,133.0
685,1618377600,1982.52,1984.02,1977.72,1979.05,1980.25,151.75378738,159.0
686,1618377900,1979.25,1983.22,1977.34,1982.37,1978.94,132.89010392,136.0
687,1618378200,1982.74,1984.97,1980.0,1984.97,1982.29,104.71025302,110.0
688,1618378500,1984.66,1993.71,1984.12,1987.67,1990.39,789.61625039,445.0
689,1618378800,1987.69,1988.12,1984.0,1985.65,1985.57,185.77125441,164.0
690,1618379100,1985.66,1985.66,1977.41,1978.79,1980.98,193.79865501,176.0
691,1618379400,1978.8,1978.8,1970.87,1971.91,1975.67,295.68883251,205.0
692,1618379700,1971.91,1975.78,1968.06,1973.44,1971.83,213.9732601,175.0
693,1618380000,1973.44,1977.56,1967.78,1975.7,1972.8,151.66257279,136.0
694,1618380300,1975.68,1978.12,1975.0,1975.14,1975.91,72.14453764,100.0
695,1618380600,1975.13,2000.0,1975.0,2000.0,1997.3,2231.88852187,926.0
696,1618380900,1999.99,1999.99,1985.01,1987.75,1988.83,221.37403221,251.0
697,1618381200,1987.74,1991.5,1986.77,1988.97,1989.6,58.36119779,98.0
698,1618381500,1988.96,1996.59,1988.31,1996.24,1992.35,676.28439774,175.0
699,1618381800,1996.23,1996.23,1986.95,1986.95,1989.73,204.04299993,130.0
700,1618382100,1989.33,1992.41,1988.59,1989.62,1990.92,102.22067161,161.0
701,1618382400,1989.89,1992.0,1988.45,1988.63,1989.97,137.16733921,125.0
702,1618382700,1988.63,1993.53,1988.61,1992.97,1990.59,161.1026518,164.0
703,1618383000,1993.13,1996.0,1991.13,1996.0,1992.76,217.75516277,150.0
704,1618383300,1996.0,1998.0,1993.7,1997.14,1996.24,134.41394131,155.0
705,1618383600,1997.14,1997.14,1993.01,1994.6,1994.93,172.18543138,200.0
706,1618383900,1994.6,1994.6,1985.5,1989.1,1990.38,206.23142441,194.0
707,1618384200,1988.17,1994.61,1987.19,1994.6,1991.5,93.91849484,150.0
708,1618384500,1994.61,1994.61,1991.5,1991.99,1992.74,72.10758794,140.0
709,1618384800,1991.99,1994.6,1991.73,1993.0,1992.25,320.00132595,166.0
710,1618385100,1993.0,1995.52,1992.73,1995.52,1993.93,161.97129283,148.0
711,1618385400,1995.52,1997.99,1995.51,1997.82,1995.92,177.48367403,177.0
712,1618385700,1998.0,1998.89,1993.0,1994.48,1995.57,208.79179738,206.0
713,1618386000,1994.4,1994.4,1991.75,1993.37,1992.61,85.02581655,149.0
714,1618386300,1993.38,1996.4,1993.37,1996.4,1995.12,100.85656572,164.0
715,1618386600,1996.4,1996.71,1990.99,1992.41,1993.85,188.12323671,206.0
716,1618386900,1992.41,1992.44,1986.13,1986.13,1988.38,115.03964041,203.0
717,1618387200,1986.14,1994.0,1986.0,1992.22,1991.96,177.13460838,234.0
718,1618387500,1992.18,1994.9,1991.34,1994.31,1993.02,73.72522786,156.0
719,1618387800,1993.0,1993.02,1992.56,1993.02,1992.93,9.94981462,7.0
